number,title,status,section,equation,variables,intuition,relevance
1,Simple Return and Log Return,verify,Time-Series Foundations,r_t = (P_t - P_{t-1})/P_{t-1};   R_t = ln(P_t / P_{t-1}),P_t = asset price at time t  ;  P_{t-1} = asset price one period earlier  ;  r_t = simple (arithmetic) return  ;  R_t = log (continuously-compounded) return  ;  ln = natural logarithm,Returns express price change as a fraction; log returns add cleanly across time and are roughly symmetric.,Returns - not prices - are the modelling unit in quant finance: they are closer to stationary and additive. Standard textbook form shown; the exact source equation was not supplied - verify against your source.
2,Probability from a PDF over an Interval,verify,Time-Series Foundations,P(a <= X <= b) = integral_a^b f(x) dx,"X = continuous random variable  ;  f(x) = probability density function (PDF)  ;  a, b = lower and upper bounds of the interval  ;  integral = area under the PDF between a and b",The chance a random quantity lands in a range equals the area under its density over that range.,"Underpins risk measures (VaR, tail probabilities) and any model that treats returns as draws from a distribution. Standard textbook form shown; the exact source equation was not supplied - verify against your source."
3,k-th Central Moment / Expected Value,verify,Time-Series Foundations,E[X] = integral x f(x) dx;   mu_k = E[(X - mu)^k],"E[.] = expectation operator  ;  mu = mean = E[X]  ;  mu_k = k-th central moment  ;  k = 2 -> variance, k = 3 -> skewness basis, k = 4 -> kurtosis basis",The mean is the probability-weighted average; central moments measure spread and shape around the mean.,"Variance, skewness and kurtosis (fat tails) of returns drive risk and tail-aware modelling. Standard textbook form shown; the exact source equation was not supplied - verify against your source."
4,Null and Alternative Hypotheses for a Mean Test,verify,Time-Series Foundations,H0: mu = mu_0   vs   H1: mu != mu_0,H_0 = null hypothesis (no effect / baseline)  ;  H_1 = alternative hypothesis  ;  mu = true population mean  ;  mu_0 = hypothesized mean value,Frame a question as a default claim (H0) and the change we would need evidence for (H1).,Significance testing checks whether an apparent edge (e.g. non-zero mean return) is real or noise. Standard textbook form shown; the exact source equation was not supplied - verify against your source.
5,t-Statistic for Testing a Population Mean,verify,Time-Series Foundations,t = (xbar - mu_0) / (s / sqrt(n)),xbar = sample mean  ;  mu_0 = hypothesized population mean  ;  s = sample standard deviation  ;  n = sample size  ;  t = test statistic,Measures how many standard errors the sample mean sits from the hypothesized value.,Used to test whether a strategy's mean return / alpha is statistically distinguishable from zero. Standard textbook form shown; the exact source equation was not supplied - verify against your source.
6,Covariance and Correlation,verify,Time-Series Foundations,"Cov(X,Y) = E[(X-muX)(Y-muY)];   rho = Cov(X,Y)/(sigmaX sigmaY)","Cov(X,Y) = covariance of X and Y  ;  rho = correlation coefficient in [-1, 1]  ;  mu_X, mu_Y = means of X and Y  ;  sigma_X, sigma_Y = standard deviations",Covariance measures co-movement; correlation rescales it to a unit-free number between -1 and 1.,The covariance matrix is the engine of portfolio risk and diversification. Standard textbook form shown; the exact source equation was not supplied - verify against your source.
7,Autocorrelation Function (ACF),verify,Time-Series Foundations,"rho_k = Cov(X_t, X_{t-k}) / Var(X_t) = gamma_k / gamma_0",rho_k = autocorrelation at lag k  ;  gamma_k = autocovariance at lag k  ;  gamma_0 = variance of the series  ;  k = lag (time separation),Measures how strongly a series correlates with its own past at each lag.,Reveals persistence / mean-reversion and helps identify MA orders in time-series models. Standard textbook form shown; the exact source equation was not supplied - verify against your source.
8,"Partial Autocorrelation Function (PACF), Regression Form",verify,Time-Series Foundations,X_t = phi_{k1}X_{t-1} + ... + phi_{kk}X_{t-k} + eps_t;  PACF(k)=phi_{kk},phi_{kj} = regression coefficients at lag-k fit  ;  phi_{kk} = partial autocorrelation at lag k (the last coefficient)  ;  X_{t-j} = lagged values  ;  eps_t = error term,The PACF isolates the correlation at lag k after removing the effect of all shorter lags.,Key diagnostic for choosing the order p of an AR model. Standard textbook form shown; the exact source equation was not supplied - verify against your source.
9,Weak (Covariance) Stationarity Conditions,verify,Time-Series Foundations,"E[X_t]=mu const;  Var(X_t)=sigma^2 const;  Cov(X_t,X_{t-k})=gamma_k","mu = constant mean over time  ;  sigma^2 = constant variance over time  ;  gamma_k = autocovariance depending only on lag k, not on t","A series is weakly stationary if its mean, variance, and lag-covariances do not drift over time.",Most classical time-series models assume stationarity; financial data often violates it (non-stationarity). Standard textbook form shown; the exact source equation was not supplied - verify against your source.
10,Autoregressive Model AR(p),verify,Time-Series Foundations,X_t = sum_{j=1}^p phi_j X_{t-j} + eps_t,p = autoregressive order (number of lags)  ;  phi_j = autoregressive coefficient for lag j  ;  X_{t-j} = value j periods ago  ;  eps_t = white-noise error term,Today's value is a weighted sum of its own recent past plus random noise.,"Generalises AR(1); a workhorse for modelling persistence in returns, rates, and volatility. Standard textbook form shown; the exact source equation was not supplied - verify against your source."
11,Autoregressive Model AR(1),ok,Time-Series Foundations,X_t = phi_1 * X_{t-1} + eps_t,X_t = current value of the time series  ;  X_{t-1} = previous time-step value  ;  phi_1 = autoregressive coefficient  ;  eps_t = error / noise term at time t,Today's value is modeled as a scaled version of yesterday's value plus random noise.,"Used to model persistence in prices, returns, rates, volatility, or macro data."
12,Moving Average Model MA(q),ok,Time-Series Foundations,X_t = mu + eps_t + theta_1 eps_{t-1} + ... + theta_q eps_{t-q},X_t = current time-series value  ;  mu = series mean  ;  eps_t = current shock / error  ;  eps_{t-j} = past error term j periods ago  ;  theta_j = moving-average coefficient for lag j  ;  q = order of the moving-average model,The current value depends on current and past shocks rather than directly on past observed values.,Useful when shocks have short-lived but lingering impact.
13,Moving Average Model MA(1),ok,Time-Series Foundations,X_t = mu + eps_t + theta_1 eps_{t-1},X_t = current time-series value  ;  mu = series mean  ;  eps_t = current shock / error  ;  eps_{t-1} = previous shock / error  ;  theta_1 = moving-average coefficient (single lag),Today's value depends on today's shock and yesterday's shock.,Simple model for short-memory disturbance effects.
14,"Autoregressive Moving Average Model ARMA(p, q)",ok,Time-Series Foundations,X_t = sum_j phi_j X_{t-j} + eps_t + sum_j theta_j eps_{t-j},"p = autoregressive order  ;  q = moving-average order  ;  phi_j = autoregressive lag coefficient  ;  theta_j = moving-average shock coefficient  ;  X_{t-j} = past observed value  ;  eps_t, eps_{t-j} = current and lagged errors",Combines persistence from past values with lingering effects from past shocks.,"Foundational time-series model for prices, returns, rates, and macro/market variables."
15,CAPM Alpha Formula,ok,"Alpha, Beta, Volatility & ARCH/GARCH",alpha = R_i - [ R_f + beta (R_m - R_f) ],alpha = excess return beyond CAPM expectation  ;  R_i = investment or portfolio return  ;  R_f = risk-free rate  ;  beta = market sensitivity  ;  R_m = market return,Alpha measures performance beyond what should be expected given market risk.,Core metric for evaluating whether a strategy truly adds value.
16,ARCH(p) Conditional Variance Model,ok,"Alpha, Beta, Volatility & ARCH/GARCH",Var(R_t | ...) = sigma_t^2 = a_0 + a_1 R_{t-1}^2 + ... + a_p R_{t-p}^2,R_t = return at time t  ;  sigma_t^2 = conditional variance at time t  ;  alpha_0 = constant variance term  ;  alpha_j = lag coefficient on squared returns  ;  p = ARCH order,Volatility today depends on recent squared returns.,Captures volatility clustering in financial markets.
17,"GARCH(p, q) Conditional Variance Model",ok,"Alpha, Beta, Volatility & ARCH/GARCH",sigma_t^2 = a_0 + sum_j a_j R_{t-j}^2 + sum_j b_j sigma_{t-j}^2,"sigma_t^2 = current conditional variance  ;  R_{t-j}^2 = lagged squared return shock  ;  sigma_{t-j}^2 = lagged conditional variance  ;  alpha_j = ARCH coefficients  ;  beta_j = GARCH coefficients  ;  p, q = lag orders",Volatility depends on recent shocks and its own past values.,Standard volatility forecasting model in risk management and derivatives.
18,Supervised Learning Training Set,ok,"Supervised Learning, Regression & Classification","{ (x_1,y_1), (x_2,y_2), ..., (x_N,y_N) }",x_i = input feature vector for sample i  ;  y_i = label / target for sample i  ;  N = number of training examples,Supervised learning trains on examples where inputs and correct outputs are known.,"Foundation for regression, classification, and predictive trading models."
19,General Supervised Learning Objective,ok,"Supervised Learning, Regression & Classification","min L(y, yhat),  yhat_i = f(x_i)",L = loss / objective function  ;  y = true output  ;  yhat = predicted output  ;  f = learned model  ;  x_i = input features,Train the model by minimizing the gap between predictions and true labels.,Core of model fitting in machine learning.
20,Mean Squared Error (MSE),ok,"Supervised Learning, Regression & Classification","L(y,yhat) = (1/N) sum (y_i - yhat_i)^2",N = number of observations  ;  y_i = actual value  ;  yhat_i = predicted value,"Penalizes prediction errors, with larger errors penalized more heavily.","Common regression loss for forecasting prices, returns, volatility, or signals."
21,Logistic / Sigmoid Function,ok,"Supervised Learning, Regression & Classification",sigma(z) = 1 / (1 + e^{-z}),"sigma(z) = sigmoid output in (0, 1)  ;  z = real-valued input score / logit",Squashes any real number into a probability-like value between 0 and 1.,Used in binary classification and neural-network activations.
22,Binary Logistic Prediction Probability,ok,"Supervised Learning, Regression & Classification",p(y_i = 1 | x_i) = sigma(w^T x_i),p = predicted probability  ;  y_i = binary label  ;  x_i = input features  ;  w = weight vector  ;  sigma = sigmoid function,A linear score is converted into the probability of class 1.,Basis for logistic regression and binary classifiers in finance.
23,Logit Representation,ok,"Supervised Learning, Regression & Classification",logit(phat_i) = log( phat_i / (1 - phat_i) ) = w^T x_i,phat_i = predicted probability  ;  w^T x_i = linear score (log-odds),The log-odds of the positive class are modeled as a linear function of features.,Makes logistic regression interpretable through odds ratios.
24,Binary Cross-Entropy for One Observation,ok,"Supervised Learning, Regression & Classification",-( y log(p) + (1-y) log(1-p) ),y = true binary label  ;  p = predicted probability of y = 1,Penalizes confident wrong predictions heavily.,Standard loss for binary classification in ML trading signals.
25,Binary Cross-Entropy Loss over N Observations,ok,"Supervised Learning, Regression & Classification","L(y,phat) = - sum [ y_i log(phat_i) + (1-y_i) log(1-phat_i) ]",N = number of samples  ;  y_i = true binary label  ;  phat_i = predicted probability,Adds classification error penalties across all samples.,"Used for event prediction, fraud, default, and up/down movement classification."
26,Multi-Class Cross-Entropy Loss,ok,"Supervised Learning, Regression & Classification","sum_c y_{o,c} log(p_{o,c})","M = number of classes  ;  y_{o,c} = indicator that observation o belongs to class c  ;  p_{o,c} = predicted probability for class c",Scores how much probability the model assigns to the correct class.,Used for multi-class tasks such as regime labels or trade-action categories.
27,Misclassification Rate,ok,"Supervised Learning, Regression & Classification",rate = (1/N) sum 1{ y_i != yhat_i },N = number of samples  ;  y_i = true class  ;  yhat_i = predicted class  ;  1{ . } = indicator equal to 1 when the condition is true,Measures the fraction of predictions that are wrong.,Simple classification evaluation metric.
28,True Positive Rate and False Positive Rate for ROC,verify,"Supervised Learning, Regression & Classification",TPR = TP/(TP+FN);   FPR = FP/(FP+TN),TP = true positives  ;  FN = false negatives  ;  FP = false positives  ;  TN = true negatives  ;  TPR = sensitivity / recall (y-axis of ROC)  ;  FPR = 1 - specificity (x-axis of ROC),TPR is the share of real positives caught; FPR is the share of negatives wrongly flagged. The ROC curve plots TPR vs FPR across thresholds; AUC summarises it.,"Threshold-free way to judge classifiers on imbalanced financial events (defaults, fraud, regime flips). Standard textbook form shown; the exact source equation was not supplied - verify against your source."
29,Linear Model / Single Neuron Output,ok,Fully Connected Networks & Optimization,y = w^T x + b,y = output prediction  ;  w = weight vector  ;  x = input vector  ;  b = bias / intercept,A neuron computes a weighted sum of inputs plus a bias.,Basic building block of linear regression and neural networks.
30,Linear Regression Least-Squares Objective,ok,Fully Connected Networks & Optimization,L = (1/N) sum (y_i - yhat_i)^2,N = number of observations  ;  y_i = actual value  ;  yhat_i = predicted value (= w^T x_i + b),Fit the linear model by minimizing average squared prediction error.,Links classical regression to neural-network training.
31,First-Order Optimality Conditions,ok,Fully Connected Networks & Optimization,dL/dw = 0  and  dL/db = 0,L = loss  ;  w = weights  ;  b = bias,"At the optimum, small changes in weights or bias no longer reduce loss.",Classical optimization condition that defines the best-fit parameters.
32,Closed-Form Linear Regression (Normal Equation),ok,Fully Connected Networks & Optimization,w = (X^T X)^{-1} X^T y,"X = design matrix (rows = samples, cols = features)  ;  y = target vector  ;  w = estimated coefficients",Closed-form solution for ordinary least squares when X^T X is invertible.,Baseline for regression before iterative ML optimization.
33,Gradient Descent Updates for w and b,ok,Fully Connected Networks & Optimization,w <- w - a dL/dw;   b <- b - a dL/db,"alpha = learning rate (step size)  ;  L = loss  ;  w, b = model parameters",Move parameters a small step in the direction that reduces loss.,Foundation of neural-network training.
34,First Hidden Layer of a Fully Connected Network,ok,Fully Connected Networks & Optimization,h^(1) = g^(1)( W^(1) x + b^(1) ),h^(1) = first hidden-layer activations  ;  g^(1) = activation function  ;  W^(1) = first-layer weight matrix  ;  x = input vector  ;  b^(1) = first-layer bias vector,"Transform inputs through weights, bias, and a nonlinear activation.",Basic fully connected neural-network layer.
35,l-th Hidden Layer of a Fully Connected Network,ok,Fully Connected Networks & Optimization,h^(l) = g^(l)( W^(l) h^(l-1) + b^(l) ),l = layer index  ;  h^(l) = hidden representation at layer l  ;  W^(l) = layer weights  ;  b^(l) = layer biases  ;  g^(l) = activation function,Each layer transforms the representation produced by the previous layer.,Deep neural networks stack these transformations to learn rich features.
36,Standard Convolution Operation,ok,"CNNs, RNNs, LSTMs, GRUs, Seq2Seq & Attention","S(i,j) = (X*K)(i,j) = sum_m sum_n X(i+m,j+n) K(m,n)","X = input matrix  ;  K = convolution kernel / filter  ;  S(i,j) = output feature map at location (i, j)  ;  m, n = kernel indices",A small filter slides across the input to detect local patterns.,Used in CNNs and time-series feature extraction.
37,Dilated Convolution / WaveNet Convolution,ok,"CNNs, RNNs, LSTMs, GRUs, Seq2Seq & Attention","(X *_d k)(i) = sum_m sum_j w_k(j,m)^{l-1} (i - d*j, m)","d = dilation factor (gap between sampled points)  ;  k = convolution filter  ;  i = time / location index  ;  w_k(j,m) = filter weights  ;  M_l = number of channels / filters",A dilated convolution skips positions to capture longer-range dependencies cheaply.,Useful for long time-series context without huge kernels (WaveNet-style models).
38,WaveNet Layer with ReLU and Dilated Convolution,ok,"CNNs, RNNs, LSTMs, GRUs, Seq2Seq & Attention",f^l = ReLU( W_f^l *_d f^{l-1} + b_f ),f^l = layer-l output  ;  W_f^l = convolution weights  ;  *_d = dilated convolution  ;  b_f = bias  ;  ReLU = rectified-linear activation,Apply a dilated convolution then a nonlinearity to model sequential patterns.,Building block of temporal-convolution forecasting architectures.
39,Autoregressive Forecasting Form,ok,"CNNs, RNNs, LSTMs, GRUs, Seq2Seq & Attention",E[x_{t+1}|...] = b_1 x_{t-r} + ... + b_r x_t,x_t = current value  ;  r = lookback length  ;  beta_j = autoregressive coefficient,Forecast the next value using a weighted combination of recent history.,Classical forecasting idea that deep sequence models generalize nonlinearly.
40,Recurrent Neural Network Hidden State Update,ok,"CNNs, RNNs, LSTMs, GRUs, Seq2Seq & Attention",h_t = g(W_h h_{t-1} + W_x x_t + b),"h_t = current hidden state  ;  h_{t-1} = previous hidden state  ;  x_t = current input  ;  W_h = recurrent weights  ;  W_x = input weights  ;  b = bias,  g = activation",An RNN updates its memory using the previous memory and the current input.,Sequence modeling for time-series and NLP.
41,"LSTM Input, Output, and Forget Gates",ok,"CNNs, RNNs, LSTMs, GRUs, Seq2Seq & Attention","i_t,o_t,f_t = sigma(W_h h_{t-1} + W_x x_t + b)","i_t = input gate  ;  o_t = output gate  ;  f_t = forget gate  ;  sigma = sigmoid  ;  h_{t-1} = previous hidden state  ;  x_t = current input  ;  W, b = gate weights and biases","The LSTM uses gates to decide what to keep, forget, and output.",Handles longer dependencies than basic RNNs.
42,LSTM Cell State and Hidden State Update,ok,"CNNs, RNNs, LSTMs, GRUs, Seq2Seq & Attention",c_t = f_t (.) c_{t-1} + i_t (.) tanh(...);  h_t = o_t (.) tanh(c_t),"c_t = cell state (long-term memory)  ;  h_t = hidden state (exposed output)  ;  (.) = element-wise (Hadamard) product  ;  f_t, i_t, o_t = forget, input, output gates",The cell state carries memory forward; the hidden state exposes the useful output.,Standard long-memory recurrent model for financial sequences.
43,"GRU Gates, Candidate, and Hidden State",ok,"CNNs, RNNs, LSTMs, GRUs, Seq2Seq & Attention","z_t,r_t gates; h~_t candidate; h_t = (1-z_t)h_{t-1}+z_t h~_t",z_t = update gate  ;  r_t = reset gate  ;  h~_t = candidate hidden state  ;  h_t = new hidden state  ;  (.) = element-wise product,GRUs simplify LSTMs by merging memory mechanisms into fewer gates.,Efficient sequence model for financial time-series.
44,Seq2Seq Encoder Hidden State,ok,"CNNs, RNNs, LSTMs, GRUs, Seq2Seq & Attention","h_t = f(h_{t-1}, x_t)",h_t = encoder hidden state  ;  h_{t-1} = previous hidden state  ;  x_t = input at time t  ;  f = recurrent encoder function,The encoder reads the input sequence step by step into a summary state.,Used for multi-horizon forecasting and sequence-to-sequence mapping.
45,Seq2Seq Decoder Hidden State,ok,"CNNs, RNNs, LSTMs, GRUs, Seq2Seq & Attention","h'_t = f(h'_{t-1}, y_{t-1}, c)",h'_t = decoder hidden state  ;  h'_{t-1} = previous decoder state  ;  y_{t-1} = previous output  ;  c = context vector from the encoder,"The decoder generates outputs using its prior state, prior output, and encoded context.",Forecasts future sequences from historical sequences.
46,Seq2Seq Output Distribution,ok,"CNNs, RNNs, LSTMs, GRUs, Seq2Seq & Attention","P(y_t | y_{<t}, c) = g(h'_t, c)",P = probability distribution over the next output  ;  g = output mapping (often softmax)  ;  h'_t = decoder state  ;  c = context vector,The decoder converts its state and the context into a prediction.,Used for sequence generation and forecasting.
47,Softmax Function,ok,"CNNs, RNNs, LSTMs, GRUs, Seq2Seq & Attention",softmax(z_i) = e^{z_i} / sum_j e^{z_j},z_i = score / logit for class i  ;  K = number of classes,Converts a vector of scores into probabilities that sum to one.,Used for classification and sequence-output distributions.
48,Attention Encoder Hidden State,ok,"CNNs, RNNs, LSTMs, GRUs, Seq2Seq & Attention","h_t = f(h_{t-1}, x_t)",h_t = encoder hidden state  ;  h_{t-1} = previous hidden state  ;  x_t = input at time t  ;  f = recurrent encoder function,Attention still begins by encoding each input step into a hidden state.,Attention then compares decoder states to all encoder states (not just the last).
49,Attention Context Vector and Weights,ok,"CNNs, RNNs, LSTMs, GRUs, Seq2Seq & Attention","c_t = sum_i alpha_{t,i} h_i;  alpha = softmax(e(h'_{t-1},h_i))","c_t = context vector at decoder step t  ;  alpha_{t,i} = attention weight on encoder state i  ;  h_i = encoder hidden state  ;  h'_{t-1} = previous decoder hidden state  ;  e(.) = attention scoring function  ;  T = input sequence length",The model builds a context vector by focusing more on the relevant input time steps.,Improves long-sequence modeling and gives interpretable focus weights.
50,"Attention Score Functions: Dot, General, Concat",ok,"CNNs, RNNs, LSTMs, GRUs, Seq2Seq & Attention",e = h_i^T h'; or h_i^T W_a h'; or tanh(W_a[h_i;h']),"W_a = learned attention weight matrix  ;  [ ; ] = vector concatenation  ;  h_i = encoder state, h'_{t-1} = decoder state",Different ways to measure how relevant an input state is to the decoder state.,The scoring choice shapes how attention-based sequence models align inputs and outputs.
51,Attention Decoder State and Output,ok,"CNNs, RNNs, LSTMs, GRUs, Seq2Seq & Attention","h'_t = f(h'_{t-1}, y_{t-1}, c_t);  P(y_t|...) = g(h'_t, c_t)",c_t = time-specific attention context  ;  h'_t = decoder hidden state  ;  y_{t-1} = previous output,"The decoder receives a different, freshly-focused context at each output step.",Key improvement over fixed-context Seq2Seq for long sequences.
52,Transformer Positional Encoding,ok,Transformers,"PE(pos,2i)=sin(pos/10000^{2i/d}); PE(pos,2i+1)=cos(...)",pos = position in the sequence  ;  i = embedding dimension index  ;  d_model = embedding dimension,Injects order information into transformer inputs via sinusoids of varying frequency.,Transformers need position encodings because self-attention alone is order-agnostic.
53,"Query, Key, and Value Projections",ok,Transformers,Q_i=W^Q x_i; K_i=W^K x_i; V_i=W^V x_i,"Q_i = query vector  ;  K_i = key vector  ;  V_i = value vector  ;  x_i = token / timestamp embedding  ;  W^Q, W^K, W^V = learned projection matrices","Each input is transformed into vectors used to ask, match, and carry information.",Foundation of self-attention.
54,Scaled Dot-Product Attention Weights,ok,Transformers,"attn(x_i,x_j) = softmax( Q_i^T K_j / sqrt(d_k) )",Q_i = query for token i  ;  K_j = key for token j  ;  d_k = key dimension (scaling factor),"Computes how much token i should attend to token j, scaled for stable gradients.",The core transformer operation.
55,Attention Output as Weighted Sum of Values,ok,Transformers,"output_i = sum_j attn(x_i,x_j) V_j",V_j = value vector for token j  ;  output_i = attended representation for token i,The output is a weighted blend of value vectors from the most relevant tokens.,Lets each timestamp / token borrow information from any other position.
56,Single Attention Head,ok,Transformers,"head_h = Attention(Q^h, K^h, V^h)","h = attention-head index  ;  Q^h, K^h, V^h = query/key/value projections for head h",Each attention head learns a different relationship pattern.,Multi-head attention captures multiple dependencies simultaneously.
57,Multi-Head Attention Concatenation,ok,Transformers,"MultiHead = Concat(head_1,...,head_H) W^O",H = number of heads  ;  W^O = output projection matrix,Combine the outputs of multiple attention heads into one representation.,Improves representational capacity over single-head attention.
58,Transformer Feed-Forward Network,ok,Transformers,"FFN(x) = max(0, x W_1 + b_1) W_2 + b_2","W_1, W_2 = trainable weight matrices  ;  b_1, b_2 = biases  ;  max(0, .) = ReLU activation",Each token is independently passed through a small two-layer neural network.,Adds nonlinear feature transformation after attention.
59,Residual Connection plus Layer Normalization,ok,Transformers,LayerNorm(x + Sublayer(x)),x = sublayer input  ;  Sublayer(x) = attention or feed-forward output,Add the original input back (residual) and normalize for stable training.,Critical for training deep transformer stacks.
60,Decoder Attention Score,ok,Transformers,"score(x_i,x_j) = Q_i^T K_j",Q_i = query  ;  K_j = key,Raw similarity score between decoder positions before scaling and masking.,Starting point for masked self-attention in the decoder.
61,Masked Decoder Attention Score,ok,Transformers,"masked = Q_i^T K_j / sqrt(d_k) + M_{i,j}","M_{i,j} = mask value (-inf for future positions)  ;  d_k = key dimension",Adds a mask that drives future positions to minus infinity before softmax.,Maintains autoregressive generation - no peeking at the future.
62,Masked Decoder Attention Weights,ok,Transformers,attn = softmax(masked score),masked score = scaled score plus mask (Eq. 61),"After softmax, masked future tokens receive zero probability.",Prevents look-ahead bias in generation and forecasting.
63,Decoder Attention Output,ok,Transformers,"output_i = sum_j attn(x_i,x_j) V_j",V_j = value vector  ;  attn = masked attention weights,The decoder output uses only allowed past / current information.,Essential for time-ordered prediction.
64,Cross-Attention Head,ok,Transformers,"head_h = Attention(Q^h_dec, K^h_enc, V^h_enc)","Q_dec = decoder query  ;  K_enc, V_enc = encoder key and value",The decoder attends to the encoder's outputs.,Connects input-sequence information to output generation.
65,Decoder Multi-Head Cross-Attention Output,ok,Transformers,"out = Concat(head_1,...,head_h) W^O",head_k = cross-attention heads  ;  W^O = output projection matrix,Combines several cross-attention views into one representation.,Improves sequence-to-sequence forecasting / generation.
66,Decoder Feed-Forward Network,ok,Transformers,"FFN(x_i) = max(0, x_i W_1 + b_1) W_2 + b_2","W_1, W_2 = trainable matrices  ;  b_1, b_2 = biases",Transforms each decoder token representation independently.,Decoder refinement step after cross-attention.
67,Decoder Residual plus Layer Normalization,ok,Transformers,LayerNorm(x + Sublayer(x)),x = sublayer input  ;  Sublayer(x) = decoder attention or FFN output,Stabilizes decoder training with residual paths and normalization.,Required in every transformer decoder block.
68,"Graph Definition G = (V, E)",ok,Graph Neural Networks,"G = (V, E),  e_ij = (v_i, v_j) in E","G = graph  ;  V = set of nodes {v_1, ..., v_n}  ;  E = set of edges  ;  e_ij = edge connecting nodes v_i and v_j",A graph is a set of objects (nodes) and the relationships (edges) between them.,"Models relationships between companies, assets, sectors, or institutions."
69,Graph Convolutional Network Layer Update,ok,Graph Neural Networks,H^{l+1} = sigma( Dhat^{-1/2} Ahat Dhat^{-1/2} H^l W^l ),H^(l) = node feature matrix at layer l  (H^(0) = X)  ;  Ahat = A + I_N  (adjacency with self-loops)  ;  Dhat = degree matrix of Ahat  ;  W^(l) = weight matrix at layer l  ;  sigma = nonlinear activation (e.g. ReLU),Each node updates its representation by blending information from its neighbors.,Models asset interdependence and network / spillover effects.
70,Volatility Targeting Adjustment Factor,ok,Classical Trading Strategy Equations,A = sigma_target / sigma_current,A = position adjustment factor  ;  sigma_target = desired target volatility  ;  sigma_current = current / historical volatility estimate,Scale exposure up when volatility is low and down when volatility is high.,Core risk-control technique in systematic trading.
71,Time-Series Momentum Return,ok,Classical Trading Strategy Equations,"r_TSMOM = sign(r_{t-k:t}) (sigma_tgt/sigma_t) r_{t,t+1}","i = instrument  ;  k = lookback period  ;  r^i_{t-k:t} = past return over lookback window  ;  sign(.) = direction signal (+1 / -1)  ;  sigma_tgt = target volatility, sigma^i_t = current vol  ;  r^i_{t,t+1} = next-period return","Go long if the past trend is positive, short if negative, and scale by volatility.",Classical trend-following strategy.
72,Simple Moving Average Crossover Signal,ok,Classical Trading Strategy Equations,"Y_t = SMA(t,K1) - SMA(t,K2);  SMA(t,K)=(1/K) sum p_{t-i}","Y_t = crossover signal  ;  K_1, K_2 = lookback windows (K_1 < K_2)  ;  p_t = price at time t",Compare a short-term average to a long-term average to detect trend.,Classic technical trading signal.
73,MACD / EWMA Signal,ok,Classical Trading Strategy Equations,"Y_t = EWMA(t,S) - EWMA(t,L);  EWMA = a p_t + (1-a)EWMA_{t-1}","S = short time scale, L = long time scale  ;  alpha = smoothing factor  ;  p_t = price at time t",MACD compares short and long exponentially-weighted trends.,Widely used momentum / trend indicator.
74,Combined MACD Signal,ok,Classical Trading Strategy Equations,"Yhat_t = sum_{k=1}^3 Y_t(S_k, L_k)",S_k = short lookback for signal k  ;  L_k = long lookback for signal k,Combine multiple MACD signals across different time scales.,Diversifies trend-signal horizons.
75,Interest Rate Differential,ok,Classical Trading Strategy Equations,IRD = i^A - i^B,i^A = interest rate of currency A  ;  i^B = interest rate of currency B  ;  IRD = interest rate differential,Carry is earned from the difference between currency interest rates.,Basis of FX carry strategies.
76,Carry Trade Daily Interest Earned,ok,Classical Trading Strategy Equations,I = ((i^A - i^B) * C * l) / 365,"I = interest earned per day  ;  C = notional capital  ;  l = leverage  ;  i^A, i^B = interest rates","Daily carry equals the rate spread times notional and leverage, divided by 365.",Quantifies expected carry income.
77,Equally Weighted Long-Only Vol-Targeted Portfolio,ok,Classical Trading Strategy Equations,"r^p_t = (1/N_t) sum (sigma_tgt/sigma^i_t) r^i_{t,t+1}","r^p_t = portfolio return  ;  N_t = number of assets  ;  sigma_tgt = target volatility  ;  sigma^i_t = asset volatility  ;  r^i_{t,t+1} = asset return",Average across assets while scaling each one by its volatility.,Baseline long-only risk-controlled strategy.
78,Net Exposure,ok,Classical Trading Strategy Equations,Net = (Long - Short) / Portfolio Value,V_long = dollar value of long positions  ;  V_short = dollar value of short positions  ;  V_portfolio = total capital,Measures how much net market direction the portfolio carries.,Long-short and market-neutral risk management.
79,Long-Short Portfolio Return,ok,Classical Trading Strategy Equations,r^p = w_L r^L - w_S r^S,w_L = weight of long positions  ;  w_S = weight of short positions  ;  r^L = long-basket return  ;  r^S = short-basket return,Portfolio return equals weighted long returns minus weighted short returns.,Core long-short strategy equation.
80,Deep Momentum Network Position Function,ok,Deep Momentum & Cross-Sectional Momentum,w_i^t = f(u_i^t; theta),w_i^t = position / weight for asset i at time t  ;  u_i^t = market features  ;  theta = neural-network parameters  ;  f = predictive network,A neural network directly outputs trading positions from market features.,End-to-end strategy learning (Deep Momentum Networks).
81,Deep Momentum Network Return Loss and Sharpe Loss,ok,Deep Momentum & Cross-Sectional Momentum,L_returns = -mean R; L_sharpe = -mean R sqrt(252)/std R,"mu_R = average strategy return  ;  R(i,t) = strategy return for asset i at time t  ;  Omega = universe of observations, N = sample size  ;  w_i^t = model position  ;  sigma_tgt = target vol, sigma^i_t = asset vol",Train the model to maximize returns or the Sharpe ratio directly.,Direct optimization of trading objectives (not just prediction error).
82,Cross-Sectional Momentum Portfolio Return,ok,Deep Momentum & Cross-Sectional Momentum,"r_CSM = (1/N) sum X_i^t (sigma_tgt/sigma_i^t) r^i_{t,t+1}","X_i^t = trading signal / position for security i  ;  N = number of assets  ;  sigma_tgt / sigma^i_t = volatility scaling  ;  r^i_{t,t+1} = future return",Average volatility-scaled returns across assets chosen by a cross-sectional signal.,Foundation of cross-sectional momentum.
83,Cross-Sectional Momentum Score Calculation,ok,Deep Momentum & Cross-Sectional Momentum,Y_i^t = f(u_i^t),Y_i^t = score for asset i  ;  u_i^t = input vector / features  ;  f = predictive model,Compute a score for every asset in the universe.,First step in ranking-based portfolio construction.
84,Cross-Sectional Momentum Score Ranking,ok,Deep Momentum & Cross-Sectional Momentum,Z_i^t = R(Y_i^t),Z_i^t = rank of asset i  ;  R(.) = ranking operator  ;  Y_i^t = score,Sort assets by predicted score.,Converts model outputs into tradable ranks.
85,Cross-Sectional Momentum Security Selection,ok,Deep Momentum & Cross-Sectional Momentum,X = -1 if Z<=0.1N; +1 if Z>0.9N; else 0,X_i^t = position signal (+1 long / -1 short / 0 flat)  ;  Z_i^t = rank of asset i  ;  N = number of assets,"Short the bottom decile, long the top decile, and ignore the middle.",Common cross-sectional momentum construction.
86,Raw Cumulative Return Score,ok,Deep Momentum & Cross-Sectional Momentum,"Y_i^t = r^i_{t-252, t}","Y_i^t = asset score  ;  r^i_{t-252,t} = prior 252-day (12-month) return",Use the past 12-month return as the ranking score.,Classical momentum factor.
87,Learning-to-Rank Score Calculation,ok,Deep Momentum & Cross-Sectional Momentum,Y_i^t = f(u_i^t; theta),Y_i^t = predicted score / target  ;  u_i^t = features  ;  theta = model parameters,Use a trained model rather than a raw momentum heuristic to score assets.,Regress-then-rank portfolio construction.
88,Volatility-Normalized MSE Loss for Score Training,ok,Deep Momentum & Cross-Sectional Momentum,L = (1/N) sum (Y_i^t - target_i^t)^2,"target_i^t = chosen target (e.g. vol-normalized future return)  ;  Y_i^t = predicted score  ;  Omega = training universe, N = sample size",Train scores to match future realized target values.,Supervised learning for cross-sectional ranking.
89,Pointwise Learning-to-Rank Loss,ok,Deep Momentum & Cross-Sectional Momentum,"L_pairwise = sum l( f(x_i,x_j) - y_i )^2","x_i, x_j = paired assets / examples  ;  f = pairwise scoring function  ;  l = loss function  ;  y_i = target preference / label",Train the model to learn which asset should rank above another.,Learning-to-rank methods for portfolio construction.
90,HAR Model for Realized Volatility,ok,Volatility Forecasting & Portfolio Optimization,"v_{d,t+1} = b0 + b1 v_d + b2 v_w + b3 v_m + eps","v_{d,t+1} = next-day volatility  ;  v_{d,t} = daily volatility  ;  v_{w,t} = weekly volatility  ;  v_{m,t} = monthly volatility  ;  beta = coefficients, eps_t = error","Forecast next volatility using daily, weekly, and monthly components.",Popular realized-volatility forecasting model (Heterogeneous Autoregressive).
91,Realized Volatility Estimate,ok,Volatility Forecasting & Portfolio Optimization,RV_t = sqrt( sum_i (r_i^t)^2 ),RV_t = realized volatility for day t  ;  r_i^t = high-frequency return in intraday interval i  ;  m = number of intraday intervals,Estimate volatility by summing squared intraday returns.,Uses high-frequency data for sharper volatility estimation.
92,HEAVY Model,ok,Volatility Forecasting & Portfolio Optimization,"v_{d,t+1} = a + b v_{d,t} + g RV_t + eps","v_{d,t+1} = forecast volatility  ;  v_{d,t} = lagged volatility  ;  RV_t = realized volatility  ;  alpha, beta, gamma = model parameters  ;  eps_t = error",Add realized-volatility information to improve volatility forecasts.,Captures short-term volatility from high-frequency data (HEAVY).
93,Mean-Variance Portfolio Optimization,ok,Volatility Forecasting & Portfolio Optimization,"max w^T r  s.t. w^T S w = sigma0^2, w^T 1 = 1","r_p = portfolio expected return  ;  w = portfolio weights  ;  r = vector of expected asset returns  ;  Sigma = covariance matrix  ;  sigma_{p,0}^2 = target risk level, 1 = vector of ones",Maximize expected return while holding risk at a target and fully investing capital.,Classical Markowitz portfolio optimization.
94,Portfolio Variance / Risk Minimization,ok,Volatility Forecasting & Portfolio Optimization,"min w^T S w  s.t. w^T r = r0, w^T 1 = 1","sigma_p^2 = portfolio variance  ;  w = weights, Sigma = covariance matrix  ;  r_{p,0} = target expected return  ;  w^T 1 = 1 = full-investment constraint",Find the lowest-risk portfolio that still hits a desired return.,Portfolio construction under constraints.
95,Mean-Variance Lagrangian,ok,Volatility Forecasting & Portfolio Optimization,L = w^T S w + lam(r0 - w^T r) + gam(1 - w^T 1),"lambda, gamma = Lagrange multipliers  ;  w = weights, Sigma = covariance, r = expected returns  ;  r_{p,0} = target return",Convert the constrained optimization into an unconstrained one.,Analytical route to the optimal mean-variance portfolio.
96,First-Order Conditions for Mean-Variance,ok,Volatility Forecasting & Portfolio Optimization,2 S w - lam r - gam 1 = 0; constraints = 0,"Sigma = covariance matrix, w = weights  ;  lambda, gamma = Lagrange multipliers  ;  r = expected returns, 1 = ones vector",Solve for the optimal portfolio by setting all gradients to zero.,Closed-form constrained optimization conditions.
97,Diversification Ratio,ok,Volatility Forecasting & Portfolio Optimization,DR = (w^T sigma) / sqrt(w^T S w),DR = diversification ratio  ;  w = weights  ;  sigma = vector of individual asset volatilities  ;  Sigma = covariance matrix,Compare weighted standalone risk to the actual (lower) portfolio risk.,Measures the diversification benefit of a portfolio.
98,Maximum Diversification Optimization,ok,Volatility Forecasting & Portfolio Optimization,max (w^T sigma)/sqrt(w^T S w)  s.t. w^T 1 = 1,"w = weights, sigma = volatility vector  ;  Sigma = covariance matrix",Choose weights that maximize the diversification ratio.,Alternative to mean-variance optimization.
99,Maximum Diversification Lagrangian,ok,Volatility Forecasting & Portfolio Optimization,L = w^T sigma - lam(w^T S w - 1) - gam(w^T 1 - 1),"lambda, gamma = Lagrange multipliers  ;  w = weights, sigma = volatility vector  ;  Sigma = covariance matrix",Optimize diversification while enforcing the risk and weight constraints.,Analytical form of maximum diversification.
100,First-Order Conditions for Maximum Diversification,ok,Volatility Forecasting & Portfolio Optimization,sigma - 2 lam S w - gam 1 = 0; constraints = 0,"sigma = volatility vector, Sigma = covariance  ;  w = weights, lambda, gamma = multipliers",Conditions that identify the optimal maximum-diversification portfolio.,Portfolio optimization math.
101,Deep Learning Mean-Variance Portfolio Objective,ok,Deep Learning for Portfolio Optimization,max E(r) - (lam/2)Var(r) s.t. ||w||_1 = 1,"w_t = portfolio weights at time t  ;  r_{p,t+1} = next-period portfolio return  ;  lambda = risk aversion  ;  n = number of assets","Maximize expected return minus a variance penalty, with absolute weights summing to one.",Differentiable deep-learning portfolio optimization.
102,Neural Network Portfolio Weight Function,ok,Deep Learning for Portfolio Optimization,w_t = f(X_t),w_t = portfolio weights  ;  X_t = network inputs (market data)  ;  f = neural network,A neural network maps market data directly into portfolio weights.,End-to-end portfolio construction.
103,Score Block / Fitness Score Network,ok,Deep Learning for Portfolio Optimization,"s_t = (s_1,...,s_N)^T = f_scores(X_t)","s_t = vector of asset fitness scores  ;  s_{i,t} = score for asset i  ;  f_scores = score network  ;  X_t = input data",First produce scores indicating which assets deserve larger weights.,Separates scoring from the portfolio-constraint transformation.
104,Portfolio Block Signed-Softmax Weights,ok,Deep Learning for Portfolio Optimization,w_i = sign(s_i) e^{|s_i|} / sum_j e^{|s_j|},"w_{i,t} = weight for asset i  ;  s_{i,t} = score  ;  sign(.) = long / short direction  ;  N = number of assets",Turn score signs into long/short direction and score magnitudes into allocation size.,Differentiable long-short portfolio weighting.
105,Global Minimum Variance Portfolio Objective,ok,Deep Learning for Portfolio Optimization,"min Var(r_{p,t+1})","w_t = portfolio weights  ;  r_{p,t+1} = next-period portfolio return",Find the weights that minimize portfolio variance.,Risk-first portfolio construction.
106,Maximum Sharpe Ratio Portfolio Objective,ok,Deep Learning for Portfolio Optimization,"max E(r_{p,t+1}) / Std(r_{p,t+1})","E = expected return  ;  Std = standard deviation  ;  r_{p,t+1} = portfolio return",Maximize return per unit of risk.,Central portfolio performance objective.
107,Long-Only Softmax Constraint,ok,Deep Learning for Portfolio Optimization,w_i = e^{s_i} / sum_j e^{s_j},"w_{i,t} = nonnegative portfolio weight  ;  s_{i,t} = score  ;  n = number of assets",Softmax converts scores into positive weights that sum to one.,Long-only differentiable portfolio construction.
108,Maximum Position Constraint (Generalized Sigmoid),ok,Deep Learning for Portfolio Optimization,w_i = sign(s_i) phi_a(|s_i|)/sum phi_a; phi_a(x)=a+1/(1+e^-x),u = maximum position limit  ;  a = generalized-sigmoid offset (chosen from u)  ;  phi_a = generalized sigmoid transform,Limit how large any single position can become.,Risk control through differentiable position constraints.
109,Cardinality Constraint Portfolio Construction,ok,Deep Learning for Portfolio Optimization,w_i = 1/2 long-softmax - 1/2 short-softmax over thresholds,d_u = upper score threshold  ;  d_l = lower score threshold  ;  s~_t = sorted scores  ;  k = cutoff index,Only the strongest long and short candidates receive weights.,Controls the number of active holdings (cardinality).
110,NeuralSort Sorting Matrix Construction,ok,Deep Learning for Portfolio Optimization,"Lambda_{i,j} = (n+1-2i)s_j - sum_m |s_j - s_m|","Lambda^t = sorting score matrix  ;  s_{j,t} = score for asset j  ;  n = number of assets  ;  i = target rank index",Build a differentiable structure whose row-maxima encode a ranking.,Used for NeuralSort / differentiable sorting.
111,Permutation Matrix from Sorting Scores,ok,Deep Learning for Portfolio Optimization,"Pi_{i,j} = 1 if j = argmax(Lambda_{i,:}), else 0","Pi(s_t) = permutation / sorting matrix  ;  Lambda^t_{i,:} = row i of the sorting-score matrix",Hard sorting picks the largest value in each row to form a permutation.,Ranking is needed to apply cardinality constraints.
112,Differentiable Softmax Approximation to Sorting,ok,Deep Learning for Portfolio Optimization,"Pihat_{i,:} = softmax(Lambda_{i,:})",Pihat = soft permutation matrix  ;  softmax = differentiable approximation to argmax,Replace hard sorting with a differentiable soft sort.,Allows gradient descent to flow through ranking decisions.
113,Leverage Constraint Weight Transformation,ok,Deep Learning for Portfolio Optimization,w_i = L sign(s_i) e^{|s_i|}/sum_j e^{|s_j|},"L = leverage / gross-exposure factor  ;  s_{i,t} = score  ;  n = number of assets",Scale total exposure up or down while preserving the relative weights.,Implements leverage constraints in a differentiable portfolio.
114,Graph-HAR Model,ok,Graph-Based Volatility & Portfolio Models,"v_{d,t+1} = a + b v + g Ahat v  (daily/weekly/monthly)","v_d, v_w, v_m = daily / weekly / monthly volatility vectors  ;  Atilde = normalized adjacency matrix  ;  beta = own-volatility coefficients  ;  gamma = neighbor / spillover coefficients",Forecast volatility using each asset's own history and its neighbors' histories.,Captures cross-asset volatility spillovers.
115,GNN-HAR Model,ok,Graph-Based Volatility & Portfolio Models,"v_{d,t+1} = a + V_t b + H^l g;  H^l = sigma(Ahat H^{l-1} W^l)",V_t = volatility feature matrix  ;  H^(l) = graph neural representation  ;  A / Atilde = adjacency matrix  ;  W^(l) = trainable GNN weights,Replace linear neighbor aggregation with graph neural layers.,Models nonlinear cross-asset dependencies.
116,Graph-Based Portfolio GCN Layer,ok,Graph-Based Volatility & Portfolio Models,H^{l+1} = sigma(Ahat H^l W^l),H^(l) = graph node features  ;  Ahat = normalized adjacency matrix  ;  W^(l) = graph convolution weights  ;  sigma = activation,Update node / company / asset features by aggregating connected-neighbor information.,Graph-based portfolio construction.
117,Joint Prediction of Future Returns and Weights,ok,LLM / Hybrid Decision-Loss Models,"(r_{t+1:t+H}, w_{t+1:t+H}) = f(r_{t-L:t}, x_{t-L:t})","r = returns  ;  w = portfolio weights  ;  x = macroeconomic / text / feature inputs  ;  L = lookback window, H = forecast horizon  ;  f = predictive model",Use recent returns and features to forecast future returns and portfolio weights together.,Hybrid models combine time-series and contextual (e.g. LLM / macro) information.
118,Hybrid MSE plus Decision Loss,ok,LLM / Hybrid Decision-Loss Models,L = beta L_MSE + (1-beta) L_Decision,"L_MSE = prediction-error loss  ;  L_Decision = loss measuring suboptimal portfolio decisions  ;  beta = weighting parameter in [0, 1]","Train not only to predict accurately, but also to make better portfolio decisions.",Decision-aware machine learning for finance.
